{"cameraMode":{"drawMode":0,"name":"Shaded","section":"Shading Mode"},"sceneLighting":true,"audioPlay":false,"sceneViewState":{"showFog":true,"showMaterialUpdate":false,"showSkybox":true,"showFlares":true,"showImageEffects":true,"showParticleSystems":true},"in2DMode":false,"pivot":{"x":632.648193359375,"y":564.8634033203125,"z":-699.1203002929688},"rotation":{"x":-0.00041637360118329525,"y":0.9991176128387451,"z":-0.0407964326441288,"w":-0.010190512053668499},"size":1019.3154907226563,"orthographic":false}